Rk,Year,Lg,Rd,Pk,Tm,Player,Age,Pos,Born,College,From,To,G,MP,PTS,TRB,AST,STL,BLK,FG%,2P%,3P%,FT%,WS,WS/48,Season,School,Conf,G,GS,MP,FG,FGA,FG%,2P,2PA,2P%,3P,3PA,3P%,FT,FTA,FT%,ORB,DRB,TRB,AST,STL,BLK,TOV,PF,PTS,,SOS,,Awards
1,2018,NBA,1,1,PHO,Deandre Ayton\aytonde01,19.338,C,bs,University of Arizona,2019,2019,71,30.7,16.3,10.3,1.8,0.9,0.9,.585,.588,.000,.746,6.0,.131,Career,Arizona,,35,35,33.5,7.9,12.9,.612,7.5,11.9,.635,0.3,1.0,.343,4.0,5.5,.733,3.4,8.2,11.6,1.6,0.6,1.9,2.0,2.3,20.1,,6.84,,
2,2018,NBA,1,2,SAC,Marvin Bagley\baglema01,19.104,F,us,Duke University,2019,2019,57,25.0,14.7,7.4,1.0,0.6,1.0,.517,.549,.300,.698,3.6,.122,Career,Duke,,33,32,33.9,8.2,13.3,.614,7.5,11.6,.647,0.7,1.8,.397,4.0,6.3,.627,4.0,7.1,11.1,1.5,0.8,0.9,2.3,1.8,21.0,,9.71,,
3,2018,NBA,1,3,ATL,Luka Doncic\doncilu01,19.118,G-F,si,,2019,2019,70,32.2,21.1,7.6,5.9,1.1,0.3,.425,.500,.327,.709,4.6,.099,NA
4,2018,NBA,1,4,MEM,Jaren Jackson\jacksja02,18.284,F,us,Michigan State University,2019,2019,58,26.1,13.8,4.7,1.1,0.9,1.4,.506,.553,.359,.766,3.4,.107,Career,Michigan State,,35,34,21.8,3.4,6.6,.513,2.3,3.9,.596,1.1,2.7,.396,3.0,3.8,.797,1.5,4.3,5.8,1.1,0.6,3.0,1.8,3.2,10.9,,7.10
5,2018,NBA,1,5,DAL,Trae Young\youngtr01,19.280,G,us,University of Oklahoma,2019,2019,77,30.9,18.9,3.6,8.0,0.8,0.2,.416,.469,.331,.823,2.8,.057,Career,Oklahoma,,32,32,35.4,8.2,19.3,.422,4.5,9.1,.493,3.7,10.3,.360,7.4,8.6,.861,0.4,3.5,3.9,8.7,1.7,0.3,5.2,1.8,27.4,,10.56
6,2018,NBA,1,6,ORL,Mohamed Bamba\bambamo01,20.045,C,us,University of Texas at Austin,2019,2019,47,16.3,6.2,5.0,0.8,0.3,1.4,.481,.555,.300,.587,1.7,.105,Career,Texas,,30,29,30.2,4.9,9.0,.541,4.4,7.3,.603,0.5,1.7,.275,2.7,4.0,.681,3.2,7.3,10.5,0.5,0.8,3.7,1.5,2.5,12.9,,10.67
7,2018,NBA,1,7,CHI,Wendell Carter\cartewe01,19.071,C,us,Duke University,2019,2019,44,25.2,10.3,7.0,1.8,0.6,1.3,.485,.513,.188,.795,1.9,.081,Career,Duke,,37,37,26.9,4.8,8.6,.561,4.3,7.4,.586,0.5,1.2,.413,3.4,4.5,.738,2.9,6.1,9.1,2.0,0.8,2.1,2.0,2.8,13.5,,9.71
8,2018,NBA,1,8,CLE,Collin Sexton\sextoco01,19.173,G,us,University of Alabama,2019,2019,78,31.5,16.6,3.0,2.8,0.5,0.1,.428,.434,.407,.841,-0.6,-0.012,Career,Alabama,,33,32,29.9,5.9,13.3,.447,4.6,9.3,.495,1.3,4.0,.336,5.9,7.6,.778,1.0,2.7,3.8,3.6,0.8,0.1,2.8,2.5,19.2,,10.64
9,2018,NBA,1,9,NYK,Kevin Knox\knoxke01,18.319,F,us,University of Kentucky,2019,2019,70,28.5,12.7,4.3,1.0,0.6,0.3,.370,.386,.347,.729,-1.3,-0.030,Career,Kentucky,,37,37,32.4,5.3,11.9,.445,3.8,7.4,.509,1.5,4.5,.341,3.4,4.4,.774,0.9,4.5,5.4,1.4,0.8,0.3,2.3,2.2,15.6,,10.73
10,2018,NBA,1,10,PHI,Mikal Bridges\bridgmi01,21.300,G,us,Villanova University,2019,2019,78,29.0,8.2,3.2,2.1,1.6,0.5,.430,.559,.336,.796,2.9,.061,Career,Villanova,,116,73,27.3,3.9,7.5,.525,2.5,3.8,.645,1.5,3.7,.400,1.9,2.3,.845,1.1,3.2,4.3,1.6,1.4,0.9,1.1,2.2,11.3,,9.74,,
11,2018,NBA,1,11,CHO,Shai Gilgeous-Alexander\gilgesh01,19.349,G,ca,University of Kentucky,2019,2019,78,26.3,10.6,2.8,3.3,1.2,0.6,.474,.496,.382,.805,3.2,.076,Career,Kentucky,,37,24,33.7,4.9,10.2,.485,4.3,8.6,.500,0.6,1.5,.404,3.9,4.7,.817,0.9,3.2,4.1,5.1,1.6,0.5,2.7,1.7,14.4,,10.73
12,2018,NBA,1,12,LAC,Miles Bridges\bridgmi02,20.097,G-F,us,Michigan State University,2019,2019,75,20.4,7.1,3.9,1.0,0.7,0.5,.458,.542,.326,.739,2.3,.073,Career,Michigan State,,62,60,31.6,6.2,13.2,.470,4.2,7.8,.537,2.0,5.5,.375,2.5,3.2,.776,1.4,6.2,7.6,2.4,0.6,1.1,2.1,1.7,17.0,,8.80
13,2018,NBA,1,13,LAC,Jerome Robinson\robinje01,21.124,G,us,Boston College,2019,2019,29,9.1,3.1,1.1,0.5,0.3,0.1,.385,.442,.333,.714,0.1,.025,Career,Boston College,,90,90,34.6,6.2,13.9,.450,4.5,9.2,.488,1.8,4.7,.376,3.4,4.5,.755,0.5,3.3,3.8,3.3,1.3,0.3,2.9,2.5,17.7,,7.65
14,2018,NBA,1,14,DEN,Michael Porter\portemi01,19.362,F,us,University of Missouri,,,,,,,,,,,,,,,
15,2018,NBA,1,15,WAS,Troy Brown\browntr01,18.333,G-F,us,University of Oregon,2019,2019,48,12.6,4.4,2.6,1.4,0.4,0.1,.418,.447,.345,.651,0.6,.046,Career,Oregon,,35,35,31.2,4.1,9.2,.444,3.2,6.1,.524,0.9,3.1,.291,2.2,3.0,.743,1.5,4.7,6.2,3.2,1.6,0.2,2.5,2.2,11.3,,4.84
16,2018,NBA,1,16,PHO,Zhaire Smith\smithzh01,19.022,G,us,Texas Tech University,2019,2019,2,7.5,1.5,0.5,0.5,0.5,0.5,.500,.000,1.000,,0.1,.163,Career,Texas Tech,,37,21,28.4,4.2,7.5,.556,3.7,6.4,.574,0.5,1.1,.450,2.5,3.4,.717,2.2,2.8,5.0,1.8,1.1,1.1,1.1,1.8,11.3,,9.60
17,2018,NBA,1,17,MIL,Donte DiVincenzo\divindo01,21.146,G,us,Villanova University,2019,2019,27,15.2,4.9,2.4,1.1,0.5,0.2,.403,.683,.265,.750,0.6,.071,Career,Villanova,,85,12,25.4,3.6,7.6,.469,2.0,3.6,.573,1.5,4.0,.378,1.6,2.2,.705,1.1,2.9,4.0,2.4,0.9,0.2,1.6,1.8,10.2,,9.74,,
18,2018,NBA,1,18,SAS,Lonnie Walker\walkelo01,19.194,G,us,University of Miami,2019,2019,12,6.4,1.8,1.0,0.3,0.5,0.2,.250,.227,.333,1.000,-0.1,-0.071,Career,Miami (FL),,32,18,27.8,4.1,9.9,.415,2.4,4.9,.487,1.8,5.1,.346,1.5,2.0,.738,0.4,2.2,2.6,1.9,0.9,0.5,1.2,1.6,11.5,,6.96
19,2018,NBA,1,19,ATL,Kevin Huerter\huertke01,19.303,G,us,University of Maryland,2019,2019,71,27.3,9.5,3.2,2.8,0.9,0.3,.411,.452,.377,.741,1.2,.031,Career,Maryland,,65,65,31.9,4.2,9.0,.466,2.1,3.6,.572,2.1,5.4,.394,1.5,2.0,.748,0.8,4.2,5.0,3.0,0.8,0.7,1.9,2.1,12.0,,8.11
20,2018,NBA,1,20,MIN,Josh Okogie\okogijo01,19.298,G,ng,Georgia Institute of Technology,2019,2019,69,23.7,7.9,3.1,1.2,1.1,0.4,.388,.469,.280,.726,1.1,.033,Career,Georgia Tech,,61,61,33.0,5.4,12.3,.437,4.3,9.4,.454,1.1,2.8,.382,5.1,6.6,.777,1.8,4.0,5.8,2.0,1.5,0.8,2.3,2.7,16.9,,7.84
21,2018,NBA,1,21,UTA,Grayson Allen\allengr01,22.262,G,us,Duke University,2019,2019,33,9.2,3.8,0.3,0.5,0.1,0.1,.322,.364,.297,.690,-0.1,-0.022,Career,Duke,,142,97,27.9,4.3,9.9,.430,2.2,4.5,.490,2.0,5.4,.380,3.5,4.2,.834,0.5,2.6,3.2,3.0,1.0,0.1,1.7,2.1,14.1,,10.27,,
22,2018,NBA,1,22,CHI,Chandler Hutchison\hutchch01,22.061,G,us,Boise State University,2019,2019,44,20.3,5.2,4.2,0.8,0.5,0.1,.459,.516,.280,.605,0.6,.030,Career,Boise State,,123,89,24.0,4.3,8.9,.476,3.6,7.1,.508,0.6,1.8,.353,2.9,4.2,.687,1.1,4.3,5.5,2.1,1.0,0.2,1.9,2.2,12.0,,2.57
23,2018,NBA,1,23,IND,Aaron Holiday\holidaa01,21.269,G,us,University of California Los Angeles,2019,2019,46,11.9,5.6,1.3,1.5,0.4,0.3,.404,.474,.333,.844,0.9,.076,Career,UCLA,,101,65,31.8,4.7,10.5,.450,2.9,6.2,.469,1.8,4.2,.422,3.1,3.9,.795,0.5,2.7,3.2,4.7,1.2,0.2,3.0,2.7,14.3,,7.65
24,2018,NBA,1,24,POR,Anfernee Simons\simonan01,19.018,G,us,,2019,2019,17,4.8,2.1,0.4,0.2,0.0,0.0,.378,.522,.143,.500,-0.3,-0.152,NA
25,2018,NBA,1,25,LAL,Moritz Wagner\wagnemo01,21.061,F-C,de,University of Michigan,2019,2019,38,9.3,4.4,1.8,0.6,0.2,0.3,.419,.529,.303,.780,0.2,.028,Career,Michigan,,107,77,21.0,3.9,7.2,.547,2.9,4.5,.643,1.0,2.7,.385,1.5,2.2,.698,1.2,3.3,4.5,0.5,0.8,0.4,1.2,2.5,10.4,,9.16,,
26,2018,NBA,1,26,PHI,Landry Shamet\shamela01,21.105,G,us,Wichita State University,2019,2019,75,22.5,9.1,1.6,1.4,0.5,0.1,.429,.457,.418,.835,3.4,.098,Career,Wichita State,,71,68,28.6,4.2,8.7,.480,1.9,3.6,.542,2.2,5.1,.437,2.3,2.8,.811,0.5,2.5,3.0,4.1,0.8,0.2,1.5,2.1,12.9,,4.22
27,2018,NBA,1,27,BOS,Robert Williams\williro04,20.252,F,us,Texas A&M University,2019,2019,30,8.3,2.5,2.3,0.2,0.3,1.2,.717,.717,,.643,1.1,.209,Career,Texas A&M,,61,40,25.7,4.8,8.1,.591,4.8,7.6,.624,0.0,0.5,.067,1.5,2.8,.541,2.7,6.0,8.7,1.4,0.7,2.5,1.7,2.0,11.1,,9.29
28,2018,NBA,1,28,GSW,Jacob Evans\evansja02,21.008,G-F,us,University of Cincinnati,2019,2019,27,5.0,0.8,0.6,0.6,0.0,0.0,.303,.360,.125,.000,-0.2,-0.067,Career,Cincinnati,,105,80,29.1,4.0,9.4,.429,2.4,5.0,.476,1.7,4.4,.377,2.0,2.7,.755,1.3,3.0,4.3,2.5,1.1,0.9,1.3,2.0,11.7,,4.75
29,2018,NBA,1,29,BRK,Dzanan Musa\musadz01,19.049,G-F,ba,,2019,2019,8,4.3,2.0,0.5,0.1,0.3,0.0,.400,.727,.000,.000,-0.2,-0.225,NA
30,2018,NBA,1,30,ATL,Omari Spellman\spellom01,20.340,F,us,Villanova University,2019,2019,46,17.5,5.9,4.2,1.0,0.6,0.5,.402,.466,.344,.711,1.2,.072,Career,Villanova,,40,39,28.1,4.0,8.4,.476,2.4,4.7,.511,1.6,3.8,.433,1.2,1.8,.700,2.3,5.8,8.0,0.8,0.7,1.5,1.0,2.3,10.9,,10.24
31,2017,NBA,1,1,PHI,Markelle Fultz\fultzma01,19.029,G,us,University of Washington,2018,2019,33,20.6,7.7,3.4,3.4,0.9,0.3,.414,.422,.267,.534,0.6,.039,Career,Washington,,25,25,35.7,8.4,17.6,.476,6.3,12.5,.502,2.1,5.0,.413,4.4,6.7,.649,1.3,4.4,5.7,5.9,1.6,1.2,3.2,2.5,23.2,,6.82
32,2017,NBA,1,2,LAL,Lonzo Ball\balllo01,19.243,G,us,University of California Los Angeles,2018,2019,99,32.4,10.0,6.2,6.4,1.6,0.6,.380,.449,.315,.437,3.5,.053,Career,UCLA,,36,36,35.1,5.3,9.5,.551,3.0,4.1,.732,2.2,5.4,.412,1.8,2.7,.673,0.9,5.1,6.0,7.6,1.8,0.8,2.5,1.8,14.6,,6.39
33,2017,NBA,1,3,BOS,Jayson Tatum\tatumja01,19.116,F,us,Duke University,2018,2019,156,30.9,14.9,5.5,1.9,1.0,0.7,.463,.488,.402,.841,12.0,.120,Career,Duke,,29,27,33.3,5.7,12.6,.452,4.3,8.6,.504,1.4,4.0,.342,4.1,4.8,.849,1.3,6.0,7.3,2.1,1.3,1.1,2.6,3.0,16.8,,10.91
34,2017,NBA,1,4,PHO,Josh Jackson\jacksjo02,20.137,F-G,us,University of Kansas,2018,2019,152,25.0,12.1,4.4,1.9,1.0,0.6,.415,.456,.290,.651,-2.3,-0.029,Career,Kansas,,35,35,30.8,6.3,12.3,.513,5.3,9.7,.549,1.0,2.6,.378,2.8,4.9,.566,2.3,5.1,7.4,3.0,1.7,1.1,2.8,3.0,16.3,,12.23
35,2017,NBA,1,5,SAC,De'Aaron Fox\foxde01,19.189,G,us,University of Kentucky,2018,2019,149,29.9,14.6,3.3,5.9,1.3,0.4,.436,.459,.345,.724,4.7,.051,Career,Kentucky,,36,34,29.6,5.9,12.4,.479,5.5,10.5,.521,0.5,1.9,.246,4.3,5.9,.736,0.6,3.4,4.0,4.6,1.5,0.2,2.4,2.5,16.7,,10.49
36,2017,NBA,1,6,ORL,Jonathan Isaac\isaacjo01,19.267,F,us,Florida State University,2018,2019,99,24.9,8.4,5.0,1.0,0.9,1.3,.421,.485,.329,.806,4.1,.079,Career,Florida State,,32,32,26.2,4.1,8.0,.508,3.1,5.2,.593,1.0,2.8,.348,2.9,3.7,.780,1.8,6.1,7.8,1.2,1.2,1.5,1.5,2.2,12.0,,8.87
37,2017,NBA,1,7,MIN,Lauri Markkanen\markkla01,20.036,F-C,fi,University of Arizona,2018,2019,120,30.9,16.7,8.2,1.3,0.6,0.6,.432,.488,.362,.859,6.1,.079,Career,Arizona,,37,37,30.8,5.0,10.2,.492,3.1,5.8,.545,1.9,4.4,.423,3.7,4.4,.835,2.4,4.8,7.2,0.9,0.4,0.5,1.1,2.0,15.6,,7.63
38,2017,NBA,1,8,NYK,Frank Ntilikina\ntilila01,18.334,G,be,,2018,2019,121,21.6,5.9,2.2,3.1,0.8,0.3,.354,.380,.305,.735,-1.8,-0.032,NA
39,2017,NBA,1,9,DAL,Dennis Smith\smithde03,19.214,G,us,North Carolina State University,2018,2019,120,29.1,14.4,3.4,5.0,1.1,0.3,.406,.450,.315,.671,-0.6,-0.008,Career,NC State,,32,32,34.8,6.0,13.1,.455,4.3,8.3,.509,1.7,4.8,.359,4.5,6.3,.715,0.8,3.8,4.6,6.2,1.9,0.4,3.4,2.1,18.1,,8.09
40,2017,NBA,1,10,SAC,Zach Collins\colliza01,19.220,C-F,us,Gonzaga University,2018,2019,138,16.8,5.5,3.8,0.9,0.3,0.7,.436,.501,.313,.725,3.3,.069,Career,Gonzaga,,39,0,17.3,3.5,5.3,.652,3.2,4.8,.672,0.3,0.5,.476,2.8,3.8,.743,1.7,4.2,5.9,0.4,0.5,1.8,1.5,2.7,10.0,,4.13,,
41,2017,NBA,1,11,CHO,Malik Monk\monkma01,19.143,G,us,University of Kentucky,2018,2019,131,15.4,8.0,1.4,1.5,0.4,0.2,.374,.423,.337,.871,0.2,.004,Career,Kentucky,,38,37,32.1,6.6,14.7,.450,3.9,7.8,.497,2.7,6.9,.397,3.9,4.7,.822,0.3,2.2,2.5,2.3,0.9,0.5,2.0,1.9,19.8,,10.49,,
42,2017,NBA,1,12,DET,Luke Kennard\kennalu01,21.003,G,us,Duke University,2018,2019,131,21.2,8.5,2.6,1.7,0.5,0.2,.440,.472,.402,.838,4.9,.084,Career,Duke,,73,47,31.2,5.2,11.2,.461,3.2,6.1,.526,2.0,5.1,.383,3.4,3.9,.867,1.1,3.3,4.3,2.0,0.9,0.3,1.2,2.1,15.7,,10.75
43,2017,NBA,1,13,DEN,Donovan Mitchell\mitchdo01,20.293,G,us,University of Louisville,2018,2019,152,33.5,21.9,3.9,3.9,1.4,0.4,.434,.484,.347,.801,9.4,.089,Career,Louisville,,65,38,26.0,4.1,9.8,.418,2.6,5.2,.497,1.5,4.6,.329,2.0,2.5,.788,1.1,3.0,4.1,2.2,1.5,0.3,1.3,2.6,11.7,,9.44
44,2017,NBA,1,14,MIA,Bam Adebayo\adebaba01,19.344,C-F,us,University of Kentucky,2018,2019,146,21.6,7.9,6.4,1.9,0.7,0.7,.548,.559,.105,.728,10.5,.161,Career,Kentucky,,38,38,30.1,4.5,7.5,.599,4.5,7.5,.599,0.0,0.0,,4.1,6.2,.653,3.1,4.9,8.0,0.8,0.7,1.5,1.7,2.6,13.0,,10.49
45,2017,NBA,1,15,POR,Justin Jackson\jacksju01,22.092,G-F,us,University of North Carolina,2018,2019,144,20.7,6.7,2.7,1.1,0.4,0.2,.440,.543,.328,.771,3.5,.056,Career,UNC,,118,114,29.1,5.3,11.5,.460,3.8,7.2,.531,1.4,4.2,.340,2.0,2.8,.712,1.5,2.5,4.1,2.6,0.6,0.4,1.4,1.5,14.0,,11.40,,
46,2017,NBA,1,16,CHI,Justin Patton\pattoju01,20.013,C,us,Creighton University,2018,2019,4,6.3,1.8,1.5,0.8,0.8,0.0,.333,.429,.000,.500,0.0,.091,Career,Creighton,,35,34,25.3,5.7,8.5,.676,5.5,8.0,.683,0.2,0.4,.533,1.3,2.5,.517,1.7,4.5,6.2,1.2,0.9,1.4,1.7,2.7,12.9,,8.95
47,2017,NBA,1,17,MIL,D.J. Wilson\wilsodj01,21.129,F,us,University of Michigan,2018,2019,66,12.8,3.9,3.0,0.7,0.3,0.3,.420,.474,.365,.525,1.5,.087,Career,Michigan,,69,36,19.4,2.8,5.3,.525,2.1,3.3,.619,0.7,2.0,.363,0.8,1.0,.817,0.9,2.4,3.3,0.8,0.4,1.0,0.8,1.4,7.1,,9.23
48,2017,NBA,1,18,IND,T.J. Leaf\leaftj01,20.058,F,il,University of California Los Angeles,2018,2019,107,8.5,3.2,1.8,0.3,0.1,0.2,.510,.560,.357,.595,2.1,.111,Career,UCLA,,35,35,29.9,6.7,10.9,.617,5.9,9.2,.644,0.8,1.7,.466,2.1,3.0,.679,2.2,6.0,8.2,2.4,0.6,1.1,1.5,2.5,16.3,,6.39
49,2017,NBA,1,19,ATL,John Collins\collijo01,19.277,F,us,Wake Forest University,2018,2019,132,26.6,14.4,8.3,1.6,0.5,0.9,.568,.605,.354,.742,11.3,.154,Career,Wake Forest,,64,34,20.7,4.9,8.2,.601,4.9,8.2,.602,0.0,0.0,.000,3.6,4.9,.729,2.8,4.2,7.0,0.4,0.5,1.2,1.4,2.8,13.4,,10.16
50,2017,NBA,1,20,POR,Harry Giles\gilesha01,19.066,F-C,us,Duke University,2019,2019,58,14.1,7.0,3.8,1.5,0.5,0.4,.503,.512,.000,.637,1.0,.059,Career,Duke,,26,6,11.5,1.7,3.0,.577,1.7,3.0,.577,0.0,0.0,,0.5,0.9,.500,1.6,2.3,3.8,0.3,0.3,0.7,0.7,2.2,3.9,,10.91
51,2017,NBA,1,21,OKC,Terrance Ferguson\fergute01,19.041,G-F,us,,2018,2019,130,19.7,5.0,1.3,0.6,0.5,0.2,.416,.556,.351,.750,3.7,.069,NA
52,2017,NBA,1,22,BRK,Jarrett Allen\allenja01,19.067,C-F,us,University of Texas at Austin,2018,2019,148,23.3,9.6,6.9,1.1,0.5,1.4,.588,.615,.186,.732,11.5,.160,Career,Texas,,33,33,32.2,5.4,9.6,.566,5.4,9.4,.579,0.0,0.2,.000,2.5,4.5,.564,3.0,5.4,8.4,0.8,0.6,1.5,2.5,2.1,13.4,,12.75
53,2017,NBA,1,23,TOR,OG Anunoby\anunoog01,19.345,F,gb,Indiana University,2018,2019,138,20.2,6.5,2.7,0.7,0.7,0.3,.463,.587,.355,.598,5.0,.086,Career,Indiana,,50,10,17.4,2.7,4.8,.563,2.1,3.3,.652,0.5,1.5,.365,0.9,1.8,.522,1.4,2.1,3.5,0.8,1.0,0.9,1.1,1.7,6.8,,7.53
54,2017,NBA,1,24,UTA,Tyler Lydon\lydonty01,21.079,F,us,Syracuse University,2018,2019,25,3.7,0.8,0.7,0.2,0.1,0.0,.471,.571,.400,.333,0.1,.067,Career,Syracuse,,71,34,33.1,3.9,8.2,.476,2.5,4.8,.531,1.4,3.5,.400,2.4,2.9,.809,2.0,5.4,7.4,1.6,1.1,1.6,1.5,2.6,11.6,,9.11
55,2017,NBA,1,25,ORL,Anzejs Pasecniks\pasecan01,21.190,C,lv,,,,,,,,,,,,,,,,,NA
56,2017,NBA,1,26,POR,Caleb Swanigan\swanica01,20.070,F,us,Purdue University,2018,2019,45,7.4,2.1,2.4,0.5,0.2,0.1,.365,.396,.154,.720,-0.3,-0.039,Career,Purdue,,69,69,29.2,5.1,10.2,.501,4.2,7.9,.537,0.9,2.3,.376,3.3,4.4,.760,2.2,8.2,10.4,2.4,0.4,0.5,3.0,2.5,14.4,,8.12,,
57,2017,NBA,1,27,BRK,Kyle Kuzma\kuzmaky01,21.339,F,us,University of Utah,2018,2019,147,32.1,17.3,5.9,2.2,0.6,0.4,.453,.533,.335,.731,7.0,.071,Career,Utah,,96,64,21.0,3.9,7.7,.506,3.3,5.9,.567,0.5,1.8,.302,1.8,2.8,.633,1.6,3.9,5.5,1.5,0.3,0.4,1.6,1.6,10.1,,6.84
58,2017,NBA,1,28,LAL,Tony Bradley\bradlto01,19.170,F-C,us,University of North Carolina,2018,2019,10,3.8,0.8,1.4,0.1,0.0,0.0,.214,.231,.000,1.000,0.0,-0.054,Career,UNC,,38,0,14.6,2.7,4.7,.573,2.7,4.7,.573,0.0,0.0,,1.7,2.8,.619,2.6,2.6,5.1,0.6,0.3,0.6,0.7,1.8,7.1,,11.76
59,2017,NBA,1,29,SAS,Derrick White\whitede01,22.361,G,us,University of Colorado,2018,2019,79,22.0,8.3,3.2,3.2,0.9,0.6,.472,.515,.354,.759,3.7,.101,Career,Colorado,,34,32,32.8,6.0,11.9,.507,4.4,7.6,.569,1.7,4.2,.396,4.4,5.4,.813,1.0,3.1,4.1,4.4,1.2,1.4,2.4,2.1,18.1,,6.00
60,2017,NBA,1,30,UTA,Josh Hart\hartjo01,22.114,G,us,Villanova University,2018,2019,130,24.4,7.9,3.9,1.3,0.9,0.4,.435,.530,.361,.695,5.5,.083,Career,Villanova,,146,77,28.0,4.6,9.1,.511,3.2,5.4,.592,1.4,3.6,.389,2.5,3.4,.720,1.7,3.8,5.6,1.8,1.1,0.3,1.3,2.2,13.2,,8.51,,
61,2016,NBA,1,1,PHI,Ben Simmons\simmobe01,19.343,G-F,au,Louisiana State University,2018,2019,156,34.1,16.4,8.5,8.0,1.6,0.8,.555,.560,.000,.585,17.3,.156,Career,LSU,,33,32,34.9,6.5,11.7,.560,6.5,11.6,.561,0.0,0.1,.333,6.0,9.0,.670,3.1,8.6,11.8,4.8,2.0,0.8,3.4,2.8,19.2,,7.00
62,2016,NBA,1,2,LAL,Brandon Ingram\ingrabr01,18.299,F,us,Duke University,2017,2019,190,31.7,13.9,4.7,2.9,0.6,0.6,.458,.485,.329,.662,4.5,.036,Career,Duke,,36,34,34.6,5.9,13.4,.442,3.7,8.0,.464,2.2,5.4,.410,3.2,4.7,.682,1.9,4.9,6.8,2.0,1.1,1.4,2.0,2.1,17.3,,10.59
63,2016,NBA,1,3,BOS,Jaylen Brown\brownja02,19.247,F-G,us,University of California,2017,2019,220,24.4,11.2,4.0,1.3,0.8,0.3,.462,.515,.365,.660,8.9,.080,Career,California,,34,34,27.6,4.8,11.1,.431,3.9,8.1,.482,0.9,3.0,.294,4.2,6.4,.654,1.1,4.3,5.4,2.0,0.8,0.6,3.1,3.2,14.6,,7.87
64,2016,NBA,1,4,PHO,Dragan Bender\bendedr01,18.223,F,ba,,2017,2019,167,20.0,5.1,3.7,1.2,0.3,0.5,.392,.505,.326,.660,0.0,.000,NA
65,2016,NBA,1,5,MIN,Kris Dunn\dunnkr01,22.103,G,us,Providence College,2017,2019,176,24.1,8.6,3.3,4.4,1.4,0.5,.417,.441,.323,.723,1.6,.018,Career,Providence,,95,83,31.5,4.5,9.9,.450,3.7,7.8,.476,0.8,2.2,.354,3.1,4.5,.693,1.1,4.0,5.1,5.8,2.2,0.4,3.3,2.9,12.8,,8.09,,
66,2016,NBA,1,6,NOP,Buddy Hield\hieldbu01,23.194,G,bs,University of Oklahoma,2017,2019,239,26.7,14.9,4.1,1.9,0.7,0.3,.446,.470,.419,.874,9.8,.073,Career,Oklahoma,,132,118,31.7,5.9,13.2,.448,3.3,6.5,.508,2.6,6.8,.390,2.8,3.4,.836,1.6,3.4,5.0,1.9,1.3,0.3,2.2,2.0,17.4,,9.28,,
67,2016,NBA,1,7,DEN,Jamal Murray\murraja01,19.125,G,ca,University of Kentucky,2017,2019,233,28.4,14.8,3.4,3.3,0.8,0.3,.434,.483,.361,.882,11.5,.084,Career,Kentucky,,36,36,35.2,6.8,14.9,.454,3.6,7.3,.502,3.1,7.7,.408,3.3,4.2,.783,1.5,3.7,5.2,2.2,1.0,0.3,2.3,2.1,20.0,,8.84
68,2016,NBA,1,8,SAC,Marquese Chriss\chrisma01,18.361,F,us,University of Washington,2017,2019,193,19.3,7.6,4.5,0.8,0.7,0.8,.431,.511,.299,.627,2.4,.030,Career,Washington,,34,34,24.9,5.3,9.9,.530,4.6,8.2,.568,0.6,1.8,.350,2.6,3.8,.682,2.5,2.9,5.4,0.8,0.9,1.6,2.0,4.1,13.7,,8.12
69,2016,NBA,1,9,TOR,Jakob Poeltl\poeltja01,20.257,C,at,University of Utah,2017,2019,208,16.0,5.4,4.5,0.7,0.4,0.9,.640,.641,.500,.561,11.8,.170,Career,Utah,,70,70,26.9,5.1,7.7,.658,5.1,7.7,.659,0.0,0.0,.000,3.1,5.2,.605,2.8,5.2,8.0,1.3,0.5,1.7,1.8,2.4,13.3,,8.10,,
70,2016,NBA,1,10,MIL,Thon Maker\makerth01,19.123,F-C,ss,,2017,2019,190,14.1,4.7,2.8,0.6,0.4,0.7,.426,.495,.334,.673,4.9,.087,NA
71,2016,NBA,1,11,ORL,Domantas Sabonis\sabondo01,20.056,F-C,us,Gonzaga University,2017,2019,226,23.0,10.3,6.7,1.9,0.5,0.4,.511,.533,.344,.722,12.9,.119,Career,Gonzaga,,74,32,26.6,5.2,8.2,.632,5.1,8.0,.638,0.1,0.2,.357,3.1,4.2,.729,2.6,6.8,9.4,1.3,0.5,0.6,2.0,3.0,13.5,,4.67
72,2016,NBA,1,12,UTA,Taurean Prince\princta02,22.099,F,us,Baylor University,2017,2019,192,25.4,11.3,3.8,2.0,0.9,0.5,.428,.471,.381,.830,4.6,.045,Career,Baylor,,129,42,20.2,3.6,7.9,.460,2.6,5.2,.504,1.0,2.7,.376,2.0,2.8,.718,1.6,2.7,4.2,1.1,0.9,0.5,1.7,2.1,10.2,,9.08
73,2016,NBA,1,13,PHO,Georgios Papagiannis\papagge01,18.360,C,gr,,2017,2018,39,12.2,4.1,3.2,0.7,0.2,0.6,.514,.521,.000,.857,0.4,.044,NA
74,2016,NBA,1,14,CHI,Denzel Valentine\valende01,22.225,G,us,Michigan State University,2017,2018,134,22.9,8.0,4.1,2.3,0.7,0.1,.399,.434,.374,.754,3.1,.048,Career,Michigan State,,144,116,29.0,4.0,9.1,.442,2.2,4.6,.476,1.8,4.5,.408,1.5,2.0,.779,1.1,4.8,5.9,4.4,0.9,0.3,2.2,2.1,11.4,,9.21,,
75,2016,NBA,1,15,DEN,Juan Hernangomez\hernaju01,20.274,F,es,,2017,2019,153,15.9,5.2,3.3,0.6,0.4,0.3,.437,.528,.367,.764,5.1,.100,NA
76,2016,NBA,1,16,BOS,Guerschon Yabusele\yabusgu01,20.194,F,fr,,2018,2019,72,6.3,2.2,1.4,0.4,0.2,0.2,.437,.561,.300,.714,1.0,.109,NA
77,2016,NBA,1,17,MEM,Wade Baldwin\baldwwa01,20.091,G,us,Vanderbilt University,2017,2019,56,10.3,3.1,1.2,1.4,0.4,0.2,.355,.383,.250,.776,-0.3,-0.028,Career,Vanderbilt,,68,54,29.6,3.4,8.0,.431,2.2,5.1,.436,1.2,2.9,.422,3.5,4.4,.800,0.4,3.6,4.1,4.8,1.3,0.2,2.3,2.5,11.6,,7.45
78,2016,NBA,1,18,DET,Henry Ellenson\ellenhe01,19.166,F,us,Marquette University,2017,2019,71,9.2,4.0,2.4,0.6,0.2,0.0,.361,.386,.331,.788,0.1,.006,Career,Marquette,,33,33,33.5,5.9,13.2,.446,5.0,10.0,.495,0.9,3.2,.288,4.3,5.8,.749,2.2,7.6,9.7,1.8,0.8,1.5,2.4,2.5,17.0,,5.57
79,2016,NBA,1,19,DEN,Malik Beasley\beaslma01,19.214,G,us,Florida State University,2017,2019,159,15.7,7.0,1.8,0.8,0.4,0.1,.458,.537,.386,.810,4.8,.092,Career,Florida State,,34,33,29.8,5.4,11.6,.471,3.8,7.4,.518,1.6,4.2,.387,3.1,3.8,.813,1.3,4.0,5.3,1.5,0.9,0.2,1.7,2.2,15.6,,8.16
80,2016,NBA,1,20,IND,Caris LeVert\leverca01,21.308,G-F,us,University of Michigan,2017,2019,164,24.8,11.1,3.6,3.3,1.0,0.3,.435,.498,.326,.713,5.4,.063,Career,Michigan,,103,70,26.4,3.6,8.2,.434,2.3,4.9,.456,1.3,3.2,.401,2.0,2.6,.770,0.4,3.2,3.5,2.7,0.9,0.2,1.3,1.5,10.4,,9.30
81,2016,NBA,1,21,ATL,DeAndre Bembry\bembrde01,21.360,F,us,Saint Joseph's University,2017,2019,141,18.8,6.1,3.3,1.9,0.9,0.4,.442,.499,.283,.589,0.7,.012,Career,St. Joseph's,,101,100,36.1,5.7,12.6,.457,4.6,8.8,.520,1.2,3.8,.312,3.1,4.9,.628,1.4,5.3,6.7,3.6,1.4,0.8,2.5,2.5,15.7,,4.20,,
82,2016,NBA,1,22,CHO,Malachi Richardson\richama01,20.175,G,us,Syracuse University,2017,2019,70,8.9,2.8,1.0,0.3,0.2,0.0,.358,.415,.301,.783,-0.1,-0.009,Career,Syracuse,,37,37,34.4,4.1,11.1,.369,2.0,5.1,.388,2.1,6.1,.353,3.1,4.2,.720,0.5,3.8,4.3,2.1,1.1,0.3,2.1,2.5,13.4,,9.75
83,2016,NBA,1,23,BOS,Ante Zizic\zizican01,19.175,F-C,hr,,2018,2019,87,13.9,6.1,4.1,0.6,0.2,0.4,.577,.577,,.707,2.8,.111,NA
84,2016,NBA,1,24,PHI,Timothe Luwawu\luwawti01,21.051,F,fr,,2017,2019,167,15.3,5.5,1.8,0.9,0.4,0.1,.386,.454,.323,.819,1.8,.033,NA
85,2016,NBA,1,25,LAC,Brice Johnson\johnsbr02,22.002,F,us,University of North Carolina,2017,2018,21,5.1,2.2,1.6,0.1,0.5,0.3,.449,.458,.000,.600,0.1,.062,Career,UNC,,148,80,21.0,5.0,8.6,.577,5.0,8.6,.577,0.0,0.0,,2.0,2.8,.715,2.1,4.9,7.0,0.9,0.8,1.1,1.3,2.5,11.9,,9.72,,
86,2016,NBA,1,26,PHI,Furkan Korkmaz\korkmfu01,18.339,G,tr,,2018,2019,60,12.2,4.9,1.9,0.9,0.5,0.1,.389,.481,.327,.804,1.1,.073,NA
87,2016,NBA,1,27,TOR,Pascal Siakam\siakapa01,22.088,F,cm,New Mexico State University,2017,2019,212,23.4,9.9,5.0,1.9,0.8,0.7,.529,.590,.298,.741,14.9,.144,Career,New Mexico State,,68,61,32.7,6.5,11.8,.551,6.4,11.5,.559,0.0,0.3,.176,3.5,5.0,.711,3.6,6.1,9.7,1.5,0.9,2.0,1.9,2.6,16.6,,-3.60,,
88,2016,NBA,1,28,PHO,Skal Labissiere\labissk01,20.102,F,ht,University of Kentucky,2017,2019,113,17.5,7.5,4.2,1.0,0.4,0.6,.475,.488,.357,.746,2.7,.066,Career,Kentucky,,36,18,15.8,2.7,5.3,.516,2.7,5.2,.521,0.0,0.1,.000,1.1,1.7,.661,1.0,2.2,3.1,0.3,0.3,1.6,0.9,3.0,6.6,,8.84
89,2016,NBA,1,29,SAS,Dejounte Murray\murrade01,19.282,G,us,University of Washington,2017,2018,119,17.4,6.6,4.2,2.3,0.9,0.3,.441,.452,.316,.708,3.2,.074,Career,Washington,,34,34,33.5,5.9,14.3,.416,4.9,10.8,.457,1.0,3.5,.288,3.2,4.9,.663,1.4,4.6,6.0,4.4,1.8,0.3,3.2,2.6,16.1,,8.12
90,2016,NBA,1,30,GSW,Damian Jones\jonesda03,20.364,F-C,us,Vanderbilt University,2017,2019,49,11.9,3.6,2.3,0.6,0.3,0.7,.643,.643,,.577,1.5,.127,Career,Vanderbilt,,99,95,27.1,5.1,9.1,.566,5.1,9.0,.570,0.0,0.1,.125,3.0,5.3,.565,2.1,4.3,6.4,0.7,0.4,1.7,2.0,3.0,13.3,,7.13
91,2015,NBA,1,1,MIN,Karl-Anthony Towns\townska01,19.227,C-F,us,University of Kentucky,2016,2019,320,34.4,22.2,11.9,2.6,0.8,1.5,.536,.571,.392,.836,45.2,.197,Career,Kentucky,,39,39,21.1,3.7,6.6,.566,3.7,6.4,.577,0.1,0.2,.250,2.8,3.4,.813,2.4,4.3,6.7,1.1,0.5,2.3,1.4,2.9,10.3,,8.67
92,2015,NBA,1,2,LAL,D'Angelo Russell\russeda01,19.127,G,us,Ohio State University,2016,2019,268,28.5,16.4,3.6,5.1,1.2,0.2,.417,.465,.350,.761,5.9,.037,Career,Ohio State,,35,34,33.9,6.6,14.7,.449,3.9,8.1,.479,2.7,6.6,.411,3.4,4.5,.756,1.0,4.7,5.7,5.0,1.6,0.3,2.9,2.1,19.3,,7.37
93,2015,NBA,1,3,PHI,Jahlil Okafor\okafoja01,19.197,C-F,us,Duke University,2016,2019,186,20.9,11.3,5.1,0.9,0.3,0.9,.527,.530,.154,.677,5.0,.062,Career,Duke,,38,38,30.1,7.3,11.1,.664,7.3,11.1,.664,0.0,0.0,,2.6,5.1,.510,3.5,4.9,8.5,1.3,0.8,1.4,2.5,2.1,17.3,,9.87,,
94,2015,NBA,1,4,NYK,Kristaps Porzingis\porzikr01,19.332,F-C,lv,,2016,2018,186,31.0,17.8,7.1,1.3,0.7,2.0,.437,.467,.361,.804,12.1,.100,NA
95,2015,NBA,1,5,ORL,Mario Hezonja\hezonma01,20.125,F-G,hr,,2016,2019,273,18.7,7.2,3.0,1.2,0.7,0.3,.414,.480,.322,.811,2.3,.021,NA
96,2015,NBA,1,6,SAC,Willie Cauley-Stein\caulewi01,21.316,F-C,us,University of Kentucky,2016,2019,291,24.1,10.1,6.4,1.6,0.9,0.8,.534,.536,.222,.610,17.2,.118,Career,Duke,,38,38,30.1,7.3,11.1,.664,7.3,11.1,.664,0.0,0.0,,2.6,5.1,.510,3.5,4.9,8.5,1.3,0.8,1.4,2.5,2.1,17.3,,9.87,,
97,2015,NBA,1,7,DEN,Emmanuel Mudiay\mudiaem01,19.116,G,cd,,2016,2019,245,25.7,11.8,3.1,4.1,0.8,0.3,.394,.423,.321,.742,-1.2,-0.009,NA
98,2015,NBA,1,8,DET,Stanley Johnson\johnsst04,19.031,F,us,University of Arizona,2016,2019,284,21.6,6.9,3.4,1.5,0.9,0.2,.373,.429,.292,.762,3.2,.025,Career,Arizona,,38,37,28.4,4.6,10.3,.446,3.4,7.2,.478,1.1,3.1,.371,3.5,4.7,.742,2.0,4.5,6.5,1.7,1.5,0.4,2.2,2.6,13.8,,7.41
99,2015,NBA,1,9,CHO,Frank Kaminsky\kaminfr01,22.087,F-C,us,University of Wisconsin,2016,2019,277,22.1,9.6,3.9,1.6,0.5,0.4,.417,.466,.349,.761,10.5,.082,Career,Wisconsin,,144,79,20.4,3.7,7.0,.522,3.0,5.1,.580,0.7,1.9,.369,2.1,2.7,.763,1.3,3.4,4.6,1.3,0.5,1.1,0.8,1.6,10.1,,9.61,,
100,2015,NBA,1,10,MIA,Justise Winslow\winslju01,19.095,F,us,Duke University,2016,2019,225,28.2,8.9,5.3,2.6,0.9,0.4,.420,.449,.344,.645,7.8,.059,Career,Duke,,39,39,29.1,4.4,9.1,.486,3.3,6.3,.516,1.2,2.8,.418,2.6,4.0,.641,1.3,5.2,6.5,2.1,1.3,0.9,1.8,2.8,12.6,,9.87,,
101,2015,NBA,1,11,IND,Myles Turner\turnemy01,19.097,C-F,us,University of Texas at Austin,2016,2019,277,28.1,12.9,6.7,1.3,0.7,2.1,.494,.522,.359,.772,21.8,.134,Career,Texas,,34,7,22.2,3.4,7.6,.455,2.9,5.7,.513,0.5,1.8,.274,2.8,3.3,.839,1.3,5.2,6.5,0.6,0.3,2.6,1.4,2.4,10.1,,9.07
102,2015,NBA,1,12,UTA,Trey Lyles\lylestr01,19.237,F,ca,University of Kentucky,2016,2019,285,17.5,7.6,3.9,1.1,0.4,0.3,.430,.494,.330,.704,8.0,.077,Career,Kentucky,,36,21,23.0,3.3,6.7,.488,3.1,5.9,.536,0.1,0.8,.138,2.1,2.8,.735,1.8,3.4,5.2,1.1,0.5,0.4,1.1,1.6,8.7,,8.67
103,2015,NBA,1,13,PHO,Devin Booker\bookede01,18.242,G,us,University of Kentucky,2016,2019,271,33.0,21.4,3.5,4.3,0.8,0.3,.437,.477,.354,.854,9.9,.053,Career,Kentucky,,38,0,21.5,3.6,7.6,.470,2.0,3.8,.527,1.5,3.7,.411,1.4,1.7,.828,0.4,1.6,2.0,1.1,0.4,0.1,1.0,1.5,10.0,,8.67
104,2015,NBA,1,14,OKC,Cameron Payne\payneca01,20.326,G,us,Murray State University,2016,2019,153,16.0,6.0,1.8,2.5,0.7,0.2,.397,.443,.331,.775,2.2,.044,Career,Murray State,,69,69,32.4,6.3,14.6,.432,4.0,8.3,.487,2.3,6.3,.359,3.7,4.7,.781,0.4,3.2,3.7,5.7,1.8,0.5,2.9,2.4,18.5,,-3.19,,
105,2015,NBA,1,15,ATL,Kelly Oubre\oubreke01,19.203,F,us,University of Kansas,2016,2019,292,22.1,9.4,3.7,0.8,0.8,0.4,.424,.500,.321,.778,8.4,.063,Career,Kansas,,36,27,21.0,3.1,6.9,.444,2.1,4.3,.497,0.9,2.6,.358,2.2,3.1,.718,1.1,3.8,5.0,0.8,1.1,0.4,1.2,2.0,9.3,,12.13
106,2015,NBA,1,16,BOS,Terry Rozier\roziete01,21.105,G,us,University of Louisville,2016,2019,268,20.0,7.7,3.6,2.3,0.7,0.2,.379,.403,.353,.777,9.7,.087,Career,Louisville,,73,45,26.8,4.2,10.3,.408,3.1,6.8,.447,1.2,3.5,.331,2.4,3.1,.772,1.0,3.3,4.3,2.4,1.5,0.1,1.4,1.6,12.0,,6.89
107,2015,NBA,1,17,MIL,Rashad Vaughn\vaughra01,18.317,G,us,University of Nevada Las Vegas,2016,2018,139,12.0,3.0,1.1,0.5,0.4,0.2,.337,.366,.313,.692,-0.6,-0.017,Career,UNLV,,23,23,32.3,6.3,14.3,.439,3.9,8.1,.481,2.3,6.1,.383,3.0,4.3,.694,0.6,4.2,4.8,1.6,0.8,0.3,2.2,2.3,17.8,,3.38
108,2015,NBA,1,18,HOU,Sam Dekker\dekkesa01,21.055,F,us,University of Wisconsin,2016,2019,196,15.3,5.4,3.0,0.8,0.5,0.2,.485,.579,.288,.599,5.5,.087,Career,Wisconsin,,113,81,27.9,4.4,9.0,.493,3.2,5.3,.591,1.3,3.6,.348,2.0,2.8,.695,1.6,3.4,5.0,1.3,0.6,0.5,1.0,1.2,12.1,,10.07,,
109,2015,NBA,1,19,WAS,Jerian Grant\grantje02,22.264,G,us,University of Notre Dame,2016,2019,272,18.1,6.1,1.9,2.9,0.8,0.1,.411,.465,.322,.771,8.2,.080,Career,Notre Dame,,119,117,36.4,4.7,10.7,.436,3.2,6.4,.498,1.5,4.4,.345,3.8,4.8,.790,0.4,2.5,2.9,5.8,1.5,0.3,2.2,1.8,14.6,,6.88
110,2015,NBA,1,20,TOR,Delon Wright\wrighde01,23.065,G,us,University of Utah,2016,2019,193,18.8,7.1,2.6,2.5,1.0,0.4,.444,.492,.332,.795,9.7,.128,Career,Utah,,68,68,34.8,5.0,9.3,.535,4.4,7.5,.594,0.6,1.9,.299,4.5,5.5,.814,1.1,4.7,5.8,5.2,2.3,1.1,2.2,1.6,15.0,,6.82
111,2015,NBA,1,21,DAL,Justin Anderson\anderju01,21.223,G,us,University of Virginia,2016,2019,211,13.1,5.3,2.5,0.7,0.4,0.3,.420,.529,.296,.777,4.6,.080,Career,Virginia,,98,44,24.1,2.9,6.8,.430,1.9,4.1,.481,1.0,2.8,.357,2.0,2.7,.752,0.8,2.7,3.5,1.8,0.6,0.9,1.3,1.4,8.9,,6.64
112,2015,NBA,1,22,CHI,Bobby Portis\portibo01,20.140,F,us,University of Arkansas,2016,2019,245,20.1,10.2,6.1,1.1,0.5,0.3,.459,.491,.362,.747,8.8,.085,Career,Arkansas,,70,70,28.5,5.9,11.2,.526,5.5,10.3,.540,0.3,0.9,.365,2.9,3.9,.737,3.1,4.7,7.9,1.3,1.1,1.5,1.4,2.0,15.0,,6.18,,
113,2015,NBA,1,23,POR,Rondae Hollis-Jefferson\holliro01,20.178,F,us,University of Arizona,2016,2019,232,23.7,9.9,5.8,2.0,1.0,0.6,.446,.470,.225,.741,9.2,.081,Career,Arizona,,76,31,27.0,3.4,6.9,.496,3.3,6.4,.520,0.1,0.5,.205,3.3,4.7,.697,2.1,4.1,6.3,1.5,0.9,0.9,1.4,2.4,10.2,,8.23
114,2015,NBA,1,24,CLE,Tyus Jones\jonesty01,19.050,G,us,Duke University,2016,2019,242,17.4,4.9,1.5,3.2,1.0,0.1,.416,.460,.333,.816,7.9,.090,Career,Duke,,39,39,33.9,3.5,8.3,.417,2.3,5.1,.440,1.2,3.2,.379,3.7,4.2,.889,0.5,3.0,3.5,5.6,1.5,0.1,1.9,1.2,11.8,,9.87,,
115,2015,NBA,1,25,MEM,Jarell Martin\martija01,21.037,F,us,Louisiana State University,2016,2019,181,16.0,5.5,3.5,0.6,0.4,0.4,.435,.455,.356,.766,3.2,.053,Career,LSU,,65,57,30.7,5.0,10.1,.494,4.3,8.0,.541,0.6,2.0,.308,3.1,4.5,.689,2.4,4.6,6.9,1.4,1.0,0.7,2.2,2.6,13.7,,6.12
116,2015,NBA,1,26,SAS,Nikola Milutinov\milutni01,20.182,C,rs,,,,,,,,,,,,,,,,,NA
117,2015,NBA,1,27,LAL,Larry Nance Jr.\nancela02,22.180,F-C,us,University of Wyoming,2016,2019,255,22.7,7.7,6.4,1.6,1.2,0.5,.540,.567,.293,.695,16.0,.133,Career,Wyoming,,123,89,29.5,4.1,8.0,.521,3.9,7.0,.551,0.3,1.0,.308,2.7,3.5,.771,1.5,5.1,6.6,1.4,1.1,1.1,1.6,2.3,11.3,,2.08
118,2015,NBA,1,28,BOS,R.J. Hunter\hunterj01,21.249,G,us,Georgia State University,2016,2018,44,8.4,2.6,1.0,0.4,0.4,0.1,.361,.512,.282,.889,0.3,.039,Career,Georgia State,,99,98,34.7,5.6,13.3,.423,3.1,6.1,.505,2.6,7.2,.354,4.5,5.3,.853,0.7,4.1,4.8,2.4,1.9,0.9,1.7,2.2,18.4,,-2.33,,
119,2015,NBA,1,29,BRK,Chris McCullough\mcculch01,20.145,F,us,Syracuse University,2016,2018,59,9.0,3.3,1.9,0.3,0.5,0.3,.426,.470,.306,.548,0.6,.054,Career,Syracuse,,16,16,28.1,3.4,7.1,.478,3.3,7.0,.473,0.1,0.1,1.000,2.5,4.4,.563,2.3,4.6,6.9,1.1,1.7,2.1,2.2,2.6,9.3,,7.68
120,2015,NBA,1,30,GSW,Kevon Looney\looneke01,19.144,F-C,us,University of California Los Angeles,2016,2019,198,14.1,4.4,3.8,0.9,0.4,0.6,.592,.609,.192,.593,9.7,.168,Career,UCLA,,36,36,30.9,4.2,8.9,.470,3.6,7.4,.481,0.6,1.5,.415,2.6,4.1,.626,3.4,5.8,9.2,1.4,1.3,0.9,1.3,2.9,11.6,,8.27
121,2014,NBA,1,1,CLE,Andrew Wiggins\wiggian01,19.128,F-G,ca,University of Kansas,2015,2019,395,36.0,19.4,4.3,2.1,1.0,0.6,.440,.466,.331,.735,12.8,.043,Career,Kansas,,35,35,32.8,5.4,12.1,.448,4.2,8.5,.493,1.2,3.6,.341,5.0,6.5,.775,2.2,3.7,5.9,1.5,1.2,1.0,2.3,2.7,17.1,,11.40
122,2014,NBA,1,2,MIL,Jabari Parker\parkeja01,19.108,F,us,Duke University,2015,2019,246,29.8,15.1,5.8,2.1,0.9,0.4,.491,.522,.338,.738,11.7,.077,Career,Duke,,35,35,30.7,6.7,14.3,.473,5.7,11.2,.504,1.1,3.0,.358,4.6,6.1,.748,3.0,5.7,8.7,1.2,1.1,1.2,2.3,2.4,19.1,,8.48
123,2014,NBA,1,3,PHI,Joel Embiid\embiijo01,20.107,C,cm,University of Kansas,2017,2019,156,30.7,24.2,11.4,3.1,0.7,1.9,.481,.526,.316,.791,16.7,.167,Career,Kansas,,28,20,23.1,3.8,6.1,.626,3.8,5.9,.639,0.0,0.2,.200,3.5,5.1,.685,2.3,5.8,8.1,1.4,0.9,2.6,2.4,3.4,11.2,,11.40
124,2014,NBA,1,4,ORL,Aaron Gordon\gordoaa01,18.288,F,us,University of Arizona,2015,2019,337,27.8,12.4,6.2,2.1,0.8,0.6,.449,.511,.320,.708,17.6,.090,Career,Arizona,,38,38,31.2,5.0,10.1,.495,4.6,8.9,.513,0.4,1.2,.356,2.0,4.7,.422,2.7,5.3,8.0,2.0,0.9,1.0,1.4,2.4,12.4,,9.04
125,2014,NBA,1,5,UTA,Dante Exum\exumda01,18.353,G,au,,2015,2019,204,19.3,5.9,1.8,2.3,0.4,0.2,.400,.477,.304,.770,2.7,.033,NA
126,2014,NBA,1,6,BOS,Marcus Smart\smartma01,20.117,G,us,Oklahoma State University,2015,2019,338,28.4,9.3,3.5,3.9,1.5,0.4,.372,.435,.311,.763,16.1,.080,Career,Oklahoma State,,64,63,33.1,4.9,11.9,.413,3.5,7.3,.488,1.4,4.6,.295,5.5,7.3,.751,1.5,4.4,5.9,4.5,2.9,0.6,3.0,2.9,16.6,,7.53,,
127,2014,NBA,1,7,LAL,Julius Randle\randlju01,19.214,F-C,us,University of Kentucky,2015,2019,309,28.4,15.3,8.8,2.7,0.6,0.5,.502,.522,.304,.723,17.6,.096,Career,Kentucky,,40,40,30.8,4.9,9.8,.501,4.8,9.3,.517,0.1,0.5,.167,5.1,7.2,.706,3.5,6.9,10.4,1.4,0.5,0.8,2.5,2.3,15.0,,9.89,,
128,2014,NBA,1,8,SAC,Nik Stauskas\stausni01,20.267,G,ca,University of Michigan,2015,2019,332,20.0,6.8,2.1,1.5,0.4,0.2,.389,.438,.353,.815,3.9,.028,Career,Michigan,,75,69,32.9,4.3,9.2,.467,2.0,4.0,.500,2.3,5.2,.441,3.2,3.9,.832,0.5,2.5,2.9,2.3,0.6,0.3,1.5,1.0,14.1,,9.85,,
129,2014,NBA,1,9,CHH,Noah Vonleh\vonleno01,18.311,F,us,Indiana University,2015,2019,299,17.7,5.1,5.4,0.8,0.4,0.4,.453,.491,.316,.683,8.3,.075,Career,Indiana,,30,29,26.5,3.8,7.2,.523,3.2,6.1,.530,0.5,1.1,.485,3.2,4.5,.716,2.4,6.6,9.0,0.6,0.9,1.4,2.1,2.7,11.3,,6.64
130,2014,NBA,1,10,PHI,Elfrid Payton\paytoel01,20.129,G,us,University of Louisiana at Lafayette,2015,2019,338,29.5,11.1,4.4,6.5,1.3,0.3,.455,.479,.304,.629,13.2,.064,Career,Louisiana,,100,78,31.6,5.0,10.3,.485,4.7,9.2,.512,0.3,1.1,.268,3.9,6.5,.611,1.5,3.6,5.1,4.9,2.0,0.5,3.4,2.3,14.3,,-1.60
131,2014,NBA,1,11,DEN,Doug McDermott\mcderdo01,22.180,F,us,Creighton University,2015,2019,337,19.9,7.8,2.1,0.8,0.2,0.1,.459,.501,.402,.827,10.4,.074,Career,Creighton,,145,145,31.5,7.9,14.3,.550,6.0,10.2,.587,1.9,4.1,.458,4.1,4.9,.831,1.9,5.6,7.5,1.3,0.2,0.1,2.2,1.8,21.7,,4.29,,
132,2014,NBA,1,12,ORL,Dario Saric\saricda01,20.084,F,hr,,2017,2019,235,26.9,12.6,6.2,2.1,0.6,0.2,.432,.486,.359,.832,10.8,.082,NA
133,2014,NBA,1,13,MIN,Zach LaVine\lavinza01,19.113,G,us,University of California Los Angeles,2015,2019,293,29.9,16.1,3.4,3.5,0.8,0.2,.446,.481,.373,.824,8.1,.044,Career,UCLA,,37,1,24.4,3.4,7.8,.441,2.1,4.3,.494,1.3,3.5,.375,1.3,1.8,.691,0.5,2.1,2.5,1.8,0.9,0.2,1.1,2.0,9.4,,7.62
134,2014,NBA,1,14,PHO,T.J. Warren\warretj01,20.299,F,us,North Carolina State University,2015,2019,261,27.7,14.4,4.1,1.1,0.9,0.5,.497,.524,.340,.766,13.0,.086,Career,NC State,,70,49,31.2,7.5,13.6,.555,6.9,11.5,.598,0.6,2.0,.315,2.8,4.3,.654,2.7,3.0,5.7,1.0,1.5,0.5,1.7,2.5,18.5,,7.31,,
135,2014,NBA,1,15,ATL,Adreian Payne\paynead01,23.133,F-C,us,Michigan State University,2015,2018,107,13.1,4.0,2.9,0.6,0.4,0.3,.406,.430,.254,.680,-0.6,-0.019,Career,Michigan State,,138,94,20.0,3.2,6.2,.526,2.8,5.1,.551,0.4,1.1,.409,2.0,2.7,.755,1.5,3.8,5.3,0.6,0.6,1.0,1.4,2.2,8.9,,10.35
136,2014,NBA,1,16,CHI,Jusuf Nurkic\nurkiju01,19.312,C,ba,,2015,2019,310,22.9,11.6,8.0,1.9,0.8,1.3,.491,.498,.071,.666,16.4,.111,NA
137,2014,NBA,1,17,BOS,James Young\youngja01,18.319,G-F,us,University of Kentucky,2015,2018,95,8.5,2.3,1.0,0.3,0.3,0.1,.367,.534,.277,.563,0.8,.046,Career,Kentucky,,40,39,32.4,4.6,11.3,.407,2.5,5.4,.470,2.1,5.9,.349,3.1,4.4,.706,1.0,3.3,4.3,1.7,0.8,0.2,1.9,2.1,14.3,,9.89,,
138,2014,NBA,1,18,PHO,Tyler Ennis\ennisty01,19.311,G,ca,Syracuse University,2015,2018,186,12.6,4.2,1.3,1.9,0.5,0.1,.419,.458,.317,.768,1.3,.026,Career,Syracuse,,34,34,35.7,4.4,10.6,.411,3.5,8.1,.429,0.9,2.5,.353,3.4,4.4,.765,0.8,2.6,3.4,5.5,2.1,0.2,1.7,2.0,12.9,,7.25
139,2014,NBA,1,19,CHI,Gary Harris\harriga01,19.290,G,us,Michigan State University,2015,2019,306,28.5,12.4,2.6,2.1,1.2,0.2,.461,.526,.368,.801,15.9,.088,Career,Syracuse,,34,34,35.7,4.4,10.6,.411,3.5,8.1,.429,0.9,2.5,.353,3.4,4.4,.765,0.8,2.6,3.4,5.5,2.1,0.2,1.7,2.0,12.9,,7.25
140,2014,NBA,1,20,TOR,Bruno Caboclo\cabocbr01,18.283,F,br,,2015,2019,64,13.5,4.2,2.5,0.7,0.3,0.5,.383,.445,.331,.800,0.8,.045,NA
141,2014,NBA,1,21,OKC,Mitch McGary\mcgarmi01,22.025,F-C,us,University of Michigan,2015,2016,52,10.7,4.4,3.5,0.3,0.3,0.3,.527,.544,.000,.580,1.3,.108,Career,Michigan,,47,12,20.6,3.5,5.9,.588,3.5,5.9,.592,0.0,0.0,.000,0.8,1.6,.513,2.6,4.0,6.6,0.8,1.2,0.7,1.3,2.5,7.8,,9.85,,
142,2014,NBA,1,22,MEM,Jordan Adams\adamsjo01,19.358,G,us,University of California Los Angeles,2015,2016,32,8.2,3.2,0.9,0.6,0.6,0.2,.402,.409,.385,.607,0.4,.070,Career,UCLA,,69,63,30.2,5.4,11.6,.467,4.0,7.3,.548,1.4,4.3,.331,4.2,5.0,.839,1.3,3.3,4.6,2.1,2.4,0.2,1.4,2.1,16.4,,7.72
143,2014,NBA,1,23,UTA,Rodney Hood\hoodro01,21.254,G-F,us,Duke University,2015,2019,316,27.2,12.6,2.8,1.9,0.8,0.2,.422,.464,.367,.841,15.9,.089,Career,Overall,,67,62,32.8,4.7,10.4,.455,3.0,6.0,.499,1.8,4.4,.396,2.0,2.6,.773,0.9,3.4,4.3,2.1,0.6,0.3,1.3,2.0,13.3,,6.67
144,2014,NBA,1,24,CHH,Shabazz Napier\napiesh01,22.353,G,us,University of Connecticut,2015,2019,288,16.0,6.4,1.7,2.0,0.8,0.1,.393,.430,.352,.812,6.2,.065,Career,UConn,,143,98,32.3,4.2,10.1,.411,2.3,5.3,.444,1.8,4.8,.375,3.6,4.4,.813,0.7,3.3,4.0,4.5,1.8,0.2,2.4,2.1,13.7,,8.64,,
145,2014,NBA,1,25,HOU,Clint Capela\capelca01,20.044,C,ch,,2015,2019,290,25.0,11.9,9.1,0.9,0.7,1.4,.633,.634,.000,.522,30.3,.201,NA
146,2014,NBA,1,26,MIA,P.J. Hairston\hairspj02,21.189,G-F,us,University of North Carolina,2015,2016,111,18.0,6.0,2.4,0.5,0.5,0.2,.343,.414,.295,.810,0.9,.021,Career,UNC,,71,14,18.1,3.1,8.0,.388,1.3,2.9,.458,1.8,5.1,.349,2.0,2.5,.800,1.3,1.9,3.2,1.0,0.8,0.3,0.9,1.7,10.0,,7.54
147,2014,NBA,1,27,PHO,Bogdan Bogdanovic\bogdabo01,21.317,G,rs,,2018,2019,143,27.9,12.9,3.2,3.6,1.0,0.2,.431,.472,.376,.832,5.5,.066,NA
148,2014,NBA,1,28,LAC,C.J. Wilcox\wilcocj01,23.184,G,us,University of Washington,2015,2017,66,5.7,2.0,0.5,0.5,0.2,0.1,.370,.397,.333,.813,0.1,.007,Career,Washington,,131,83,28.5,4.9,11.3,.433,2.6,5.4,.481,2.3,5.9,.389,2.3,2.7,.840,0.8,2.5,3.4,1.6,0.9,0.7,1.4,1.9,14.4,,6.67
149,2014,NBA,1,29,OKC,Josh Huestis\huestjo01,22.195,F,us,Stanford University,2016,2018,76,14.1,2.5,2.4,0.3,0.2,0.6,.346,.400,.312,.240,0.7,.030,Career,Stanford,,135,75,25.0,2.9,6.4,.451,2.4,4.9,.492,0.5,1.5,.319,1.3,2.1,.610,2.2,4.0,6.2,0.8,0.5,1.4,0.9,1.7,7.5,,6.38
150,2014,NBA,1,30,SAS,Kyle Anderson\anderky01,20.284,F-G,us,University of California Los Angeles,2015,2019,300,19.6,5.3,3.9,1.9,1.0,0.5,.492,.519,.324,.706,15.4,.126,Career,UCLA,,71,70,31.6,4.3,9.4,.452,3.8,8.1,.465,0.5,1.4,.375,3.1,4.3,.736,1.7,7.0,8.7,5.0,1.8,0.8,2.6,1.9,12.2,,7.72
151,2013,NBA,1,1,CLE,Anthony Bennett\bennean01,20.110,F,ca,University of Nevada Las Vegas,2014,2017,151,12.6,4.4,3.1,0.5,0.4,0.2,.392,.427,.261,.670,0.5,.013,Career,UNLV,,35,31,27.1,5.8,10.8,.533,4.7,8.1,.587,1.0,2.7,.375,3.5,5.1,.701,2.5,5.7,8.1,1.0,0.7,1.2,1.9,2.3,16.1,,5.71
152,2013,NBA,1,2,ORL,Victor Oladipo\oladivi01,21.059,G,us,Indiana University,2014,2019,402,33.2,17.5,4.6,4.0,1.7,0.5,.443,.482,.352,.793,24.3,.087,Career,Indiana,,104,75,24.6,3.9,7.3,.538,3.4,5.9,.585,0.5,1.4,.338,2.5,3.5,.716,2.0,3.2,5.2,1.7,1.5,0.5,2.0,2.4,10.7,,7.94
153,2013,NBA,1,3,WAS,Otto Porter\porteot01,20.029,F,us,Georgetown University,2014,2019,399,26.9,11.0,5.0,1.5,1.2,0.4,.483,.529,.405,.793,29.1,.130,Career,Georgetown,,64,38,32.5,4.6,9.2,.498,3.7,6.8,.550,0.9,2.4,.355,2.8,3.8,.751,1.9,5.3,7.1,2.1,1.5,0.9,1.3,2.0,12.8,,7.64
154,2013,NBA,1,4,CHA,Cody Zeller\zelleco01,20.270,C-F,us,Indiana University,2014,2019,361,22.9,8.2,5.8,1.4,0.7,0.8,.511,.516,.263,.740,24.1,.140,Career,Indiana,,72,72,29.0,5.5,9.4,.592,5.5,9.3,.594,0.0,0.0,.000,5.0,6.6,.756,2.6,4.7,7.3,1.3,1.2,1.2,2.0,2.5,16.1,,8.09
155,2013,NBA,1,5,PHO,Alex Len\lenal01,20.016,C,ua,University of Maryland,2014,2019,407,19.8,7.8,6.3,0.8,0.4,1.0,.487,.501,.328,.700,15.1,.090,Career,Maryland,,60,48,24.5,3.8,7.0,.538,3.7,6.8,.548,0.0,0.2,.111,2.2,3.3,.663,2.4,4.5,7.0,0.8,0.2,2.1,1.6,2.6,9.7,,5.32
156,2013,NBA,1,6,NOH,Nerlens Noel\noelne01,19.083,C-F,us,University of Kentucky,2015,2019,295,23.0,8.2,6.5,1.2,1.4,1.4,.521,.522,.250,.628,16.4,.116,Career,Kentucky,,24,24,31.9,4.1,6.9,.590,4.1,6.9,.590,0.0,0.0,,2.3,4.3,.529,2.7,6.8,9.5,1.6,2.1,4.4,1.9,2.6,10.5,,5.78
157,2013,NBA,1,7,SAC,Ben McLemore\mclembe01,20.141,G,us,University of Kansas,2014,2019,368,23.7,8.8,2.5,1.1,0.7,0.2,.417,.466,.353,.783,4.6,.026,Career,Kansas,,37,36,32.2,5.4,10.8,.495,3.4,6.1,.553,2.0,4.7,.420,3.2,3.7,.870,1.3,3.9,5.2,2.0,1.0,0.7,2.1,1.9,15.9,,7.54
158,2013,NBA,1,8,DET,Kentavious Caldwell-Pope\caldwke01,20.134,G,us,University of Georgia,2014,2019,465,29.7,11.8,3.3,1.6,1.2,0.2,.413,.472,.346,.800,23.6,.082,Career,Georgia,,64,60,33.0,5.3,12.7,.415,3.0,5.9,.504,2.3,6.9,.339,2.9,3.9,.752,1.3,4.8,6.1,1.5,1.9,0.4,1.6,2.2,15.8,,7.02
159,2013,NBA,1,9,MIN,Trey Burke\burketr01,20.232,G,us,University of Michigan,2014,2019,356,23.7,10.9,2.1,3.6,0.6,0.1,.407,.443,.340,.797,9.8,.056,Career,Michigan,,73,71,35.7,6.0,13.3,.450,4.2,8.3,.499,1.8,5.0,.367,3.1,4.0,.777,0.6,2.7,3.3,5.7,1.3,0.5,2.5,1.7,16.9,,9.51
160,2013,NBA,1,10,POR,CJ McCollum\mccolcj01,21.287,G,us,Lehigh University,2014,2019,409,30.0,17.9,3.1,2.9,0.9,0.3,.456,.482,.402,.840,27.9,.109,Career,Lehigh,,111,108,32.9,6.9,15.7,.439,5.0,10.5,.470,2.0,5.2,.377,5.5,6.7,.825,1.5,4.8,6.3,2.7,2.1,0.5,2.4,1.8,21.3,,-5.41
161,2013,NBA,1,11,PHI,Michael Carter-Williams\cartemi01,21.266,G,us,Syracuse University,2014,2019,311,26.3,11.0,4.5,4.6,1.3,0.6,.401,.434,.253,.700,4.9,.029,Career,Syracuse,,66,40,25.4,2.7,6.8,.398,2.1,4.8,.438,0.6,2.1,.307,2.2,3.2,.679,0.9,2.7,3.6,5.2,2.0,0.4,2.3,1.8,8.2,,8.29
162,2013,NBA,1,12,OKC,Steven Adams\adamsst01,19.347,C,nz,University of Pittsburgh,2014,2019,462,26.8,9.7,7.4,1.0,0.9,1.0,.589,.591,.000,.556,38.4,.149,Career,Pitt,,32,32,23.4,3.1,5.5,.571,3.1,5.5,.571,0.0,0.0,,1.0,2.2,.443,2.8,3.5,6.3,0.6,0.7,2.0,1.1,1.6,7.2,,5.63
163,2013,NBA,1,13,DAL,Kelly Olynyk\olynyke01,22.075,C-F,ca,Gonzaga University,2014,2019,428,21.6,9.9,4.9,1.9,0.7,0.5,.478,.550,.366,.765,24.8,.129,Career,Gonzaga,,101,31,17.2,3.3,5.6,.594,3.1,4.9,.634,0.2,0.7,.333,2.0,2.8,.709,1.5,3.1,4.6,1.1,0.5,0.5,1.4,2.0,8.9,,4.00
164,2013,NBA,1,14,UTA,Shabazz Muhammad\muhamsh01,20.231,F-G,us,University of California Los Angeles,2014,2018,278,17.2,9.0,2.8,0.5,0.3,0.1,.473,.510,.319,.751,8.5,.085,Career,UCLA,,32,30,30.8,6.3,14.3,.443,5.1,10.9,.463,1.3,3.3,.377,4.0,5.6,.711,2.7,2.5,5.2,0.8,0.7,0.1,1.6,1.7,17.9,,7.82
165,2013,NBA,1,15,MIL,Giannis Antetokounmpo\antetgi01,18.208,F-G,gr,,2014,2019,463,32.7,18.7,8.3,4.1,1.2,1.3,.520,.557,.275,.742,52.7,.167,NA
166,2013,NBA,1,16,BOS,Lucas Nogueira\noguelu01,20.341,C,br,,2015,2018,141,12.4,3.2,2.8,0.5,0.6,1.0,.632,.681,.265,.640,6.0,.165,NA
167,2013,NBA,1,17,ATL,Dennis Schroder\schrode01,19.290,G,de,,2014,2019,426,24.6,13.3,2.7,4.7,0.8,0.1,.429,.467,.324,.823,12.6,.058,NA
168,2013,NBA,1,18,ATL,Shane Larkin\larkish01,20.273,G,us,University of Miami,2014,2018,256,19.1,5.5,1.9,2.9,0.9,0.1,.422,.454,.336,.777,4.4,.044,Career,Miami (FL),,68,54,31.3,3.8,8.6,.438,2.3,4.6,.491,1.5,4.0,.375,2.2,2.7,.808,0.5,2.7,3.2,3.6,1.8,0.1,2.1,1.6,11.2,,7.03
169,2013,NBA,1,19,CLE,Sergey Karasev\karasse01,19.249,G-F,ru,,2014,2016,95,11.7,3.0,1.5,0.9,0.3,0.0,.395,.489,.282,.842,0.8,.036,NA
170,2013,NBA,1,20,CHI,Tony Snell\snellto01,21.235,G-F,us,University of New Mexico,2014,2019,442,21.8,6.2,2.4,1.0,0.5,0.2,.425,.481,.382,.819,13.5,.067,Career,New Mexico,,104,76,24.8,3.0,7.1,.421,1.4,2.9,.480,1.6,4.2,.380,1.6,1.9,.821,0.4,2.0,2.4,2.0,0.5,0.3,1.5,1.2,9.2,,4.95
171,2013,NBA,1,21,UTA,Gorgui Dieng\dienggo01,23.166,C,sn,University of Louisville,2014,2019,447,22.7,7.9,6.2,1.4,0.8,1.0,.506,.519,.328,.789,24.2,.115,Career,Louisville,,102,81,27.3,3.3,6.1,.545,3.3,6.0,.546,0.0,0.0,.333,1.7,2.7,.640,3.0,4.9,7.9,1.2,1.0,2.6,1.6,2.7,8.3,,8.78
172,2013,NBA,1,22,BRK,Mason Plumlee\plumlma01,23.120,C-F,us,Duke University,2014,2019,465,22.1,8.5,6.3,2.2,0.8,1.0,.572,.576,.080,.565,30.5,.142,Career,Duke,,141,99,25.9,3.7,6.5,.574,3.7,6.4,.578,0.0,0.1,.200,2.4,4.0,.583,2.4,5.4,7.7,1.5,0.8,1.4,2.0,2.5,9.8,,8.87
173,2013,NBA,1,23,IND,Solomon Hill\hillso01,22.107,F,us,University of Arizona,2014,2019,301,22.6,5.9,3.3,1.5,0.7,0.2,.396,.448,.329,.808,9.3,.066,Career,Arizona,,139,129,29.0,3.5,7.3,.481,2.7,5.1,.528,0.8,2.2,.375,2.5,3.3,.745,1.8,3.8,5.6,2.2,0.9,0.4,2.1,2.4,10.3,,7.05
174,2013,NBA,1,24,NYK,Tim Hardaway\hardati02,21.108,G,us,University of Michigan,2014,2019,403,26.1,13.1,2.6,1.8,0.6,0.2,.418,.489,.343,.816,15.1,.069,Career,Michigan,,107,107,33.3,4.9,11.6,.425,3.0,6.1,.500,1.9,5.5,.343,2.6,3.6,.724,0.6,3.5,4.1,2.1,0.7,0.3,1.7,2.0,14.3,,9.90
175,2013,NBA,1,25,LAC,Reggie Bullock\bullore01,22.109,G-F,us,University of North Carolina,2014,2019,271,19.2,6.8,2.1,1.1,0.5,0.1,.434,.494,.391,.828,9.7,.089,Career,UNC,,100,53,24.6,3.6,8.2,.439,1.7,3.3,.517,1.9,4.9,.387,0.9,1.2,.720,1.6,3.4,5.0,1.7,0.9,0.2,0.9,1.2,9.9,,8.41
176,2013,NBA,1,26,MIN,Andre Roberson\roberan03,21.211,G-F,us,University of Colorado,2014,2018,295,22.5,4.6,4.0,0.9,0.9,0.7,.482,.609,.257,.467,12.7,.092,Career,Colorado,,105,65,28.3,3.6,7.1,.516,3.2,5.7,.555,0.5,1.4,.350,1.9,3.2,.582,2.9,7.0,10.0,1.1,1.6,1.4,1.7,2.6,9.6,,6.43
177,2013,NBA,1,27,DEN,Rudy Gobert\goberru01,21.006,C,fr,,2014,2019,402,28.7,11.1,10.5,1.3,0.7,2.2,.628,.629,.000,.631,52.2,.217,NA
